Gene name	mean
0610040J01Rik	0.4530651281373202
1700003F12Rik	0.29008031460711925
1700017B05Rik	0.21528028031634508
2210016F16Rik	0.16001333207269086
2510039O18Rik	0.05118448033287397
2610528A11Rik	0.7902652153120509
4930404N11Rik	0.1599045145074049
5430427O19Rik	0.20702930398916505
6030468B19Rik	0.2675412425287745
A630001G21Rik	0.944104946089066
Aagab	0.13571554821926066
AB124611	0.2136439022935892
Abca9	0.2335838683659107
Abcc3	0.152132669369962
Abcd1	0.06659952343028518
Abcg3	0.4102794148844389
Abhd12	0.08865568245310647
Abhd15	0.07873351268022223
Abi3	0.13181805678011496
Acads	0.06779712571840721
Accs	0.17471939807495016
Acox3	0.18867102788827567
Acp5	0.09240226941115283
Actb	0.014724332435413925
Adam15	0.2289436404746453
Adam33	0.2276326400031406
Adam8	0.2672138391053325
Adamts16	0.1358429497820664
Adap2	0.15154838791901892
Adcy7	0.10703617147809236
Adrb2	0.09219875661907644
Afp	0.3388073728378993
Agpat2	0.11991038817147436
AI467606	0.23757835740478134
AI661453	0.3479096738239013
Aif1	0.18102766405517048
Aim2	0.39683762154213015
Akna	0.4370424108068857
Akr1b10	0.3311845286059629
Akr1b3	0.09972434385245753
Aldh16a1	0.17835437956739147
Alox5	0.04583950614119491
Alox5ap	0.0652531148267553
Amz1	0.13417171781998954
Ang	0.07289293849658314
Angptl7	0.0765306492719376
Anks6	0.11643894057779294
Aoah	0.2798631591252292
Ap1b1	0.039931832560935465
Apbb1ip	0.2070002183033532
Apobec1	0.3316401515880161
Apobec2	0.056452316246441675
Apobec3	0.5066438034316585
Apobr	0.6588342659560358
Apoc1	0.2596584138583156
Arap1	0.08526211079610595
Arap3	0.14334904595813042
Arhgap19	0.15623188239224642
Arhgap22	0.10781889030947614
Arhgap25	0.12153658681421392
Arhgap27	0.08939791061578434
Arhgap30	0.2813601076352461
Arhgap4	0.14305722695378134
Arhgap9	0.17311179178627312
Arhgdib	0.06846807758872518
Arhgef6	0.11701865676389812
Arid3a	0.10062190815160893
Arl11	0.15775590990717694
Arl4c	0.008293425869556932
Arl5c	0.12482391463666015
Armc3	0.14000689127805874
Armc5	0.1382879063134753
Arpc4	0.019079974003307208
Arrb2	0.04660897293808463
Arsb	0.21820549968071687
Asb10	0.1871778028240205
Asb2	0.059263835879438134
Ascl2	0.1958862326774575
Atf3	0.04775420617425618
Atp8a2	0.057656688341767875
Aup1	0.1662241373457034
B2m	1.3544369455358234
B3gnt8	0.1855945213003631
B430306N03Rik	1.0275590551181104
B4galnt1	0.13207859839062067
B4galt1	0.1553341639813436
B4galt5	0.05511527778994022
Bank1	0.3743408182345759
Batf	0.035653428815645746
Batf3	0.08005156975052426
BC049352	0.09575855862375472
Bcl2a1a	0.6199095022624435
Bcl2a1c	1.0671100362756951
Bcl2l1	0.0604434243385157
Bcl3	0.13979954890975468
Bco2	0.19952879199164114
Bcor	0.1437487553078603
Bhlhe41	0.1745175917585281
Bid	0.31032437423036024
Bik	0.2996768000144532
Bin1	0.057515852219427274
Blnk	0.14039294409688458
Bmf	0.1572421563814414
Bri3	0.09309892870990892
Bst2	0.11925463273034605
Btbd19	0.10208773507244984
Btg1	0.0682023184707759
Btg2	0.032634692256390964
Btk	0.03758015460606805
C130050O18Rik	0.2647683748529477
C1qa	0.2231542652728159
C1qb	0.13868711911180634
C1qc	0.15180417327968468
C1rl	0.2292704003475164
C2	0.2208599435684296
C3	0.1439779755820692
C3ar1	0.458940383622692
C5ar1	0.28134093577006475
Cables1	0.11366400296602858
Cacna1s	0.06676055760023507
Calhm2	0.03843731361037376
Camk1	0.042015037965699074
Camp	0.4868880344546994
Capn3	0.06287459281529555
Car13	0.0828972990186153
Card11	0.03620824873800583
Card9	0.047425633080325935
Casp1	0.37978234636182895
Casp4	0.3757186504474455
Cass4	0.2922817641270693
Cbr2	0.11355734499649026
Ccdc162	0.3355908422928634
Ccdc86	0.2691286715814561
Ccdc88b	0.169541050267782
Ccl12	0.31714640525510424
Ccl2	0.5361742515063431
Ccl22	0.3392251497936717
Ccl24	0.3473407309822097
Ccl3	0.22983840691896196
Ccl4	0.2541267625037837
Ccl5	0.2021938025766068
Ccl6	0.7422363052647938
Ccl7	0.480002158116896
Ccl8	0.6150575503551785
Ccl9	1.0602005704984503
Ccr1	0.36017715823216245
Ccr1l1	0.6674121382970052
Ccr2	0.23268966745357936
Ccr3	0.2318882899408224
Ccr5	0.26511359217119856
Ccr6	0.11274107851040903
Ccr7	0.06294186849595078
Ccrl2	0.44799879386429453
Cd101	0.35604344062402943
Cd14	0.3263147511819883
Cd163	0.2755177447547148
Cd180	0.27643884959846377
Cd19	0.3408355615810085
Cd2	0.5532482532067423
Cd200r1	1.3095454336957022
Cd209a	0.3571390597434416
Cd209d	0.4729505336284984
Cd209f	0.3642584292816824
Cd209g	0.3879041358164053
Cd22	0.31693864718866405
Cd300a	0.5925485805677221
Cd300lb	0.5440800767774158
Cd300ld	0.6531550179274341
Cd300lf	0.7405857740585774
Cd33	0.6102285186993216
Cd36	0.12828360799957134
Cd37	0.1324753557380405
Cd3d	0.4896547970783182
Cd3e	0.3546366319904813
Cd4	0.4902541949575513
Cd48	0.6188459751962128
Cd52	0.517666853205261
Cd53	0.18551363071585555
Cd6	0.2762435756994144
Cd63	0.24471436446685765
Cd68	0.301324802056317
Cd7	0.470102100567352
Cd72	0.5916637214249216
Cd74	0.15709181479986192
Cd79a	0.2203698746214939
Cd79b	0.24632121185604225
Cd80	0.6518896639028503
Cd83	0.27194690625023005
Cd84	0.6690065314400704
Cd86	0.644927420068052
Cdh23	0.03744490171548
Cdk6	0.07920604808393529
Cds1	0.0400683201481743
Cdt1	0.1542814981486942
Ceacam2	1.1232166018158236
Cebpa	0.034289182409423545
Cebpb	0.12106488372336915
Cerk	0.10567120814926016
Cfp	0.3232044422994425
Ch25h	0.1183691658265872
Chst12	0.036966416786097266
Chst7	0.07651861816349585
Cib1	0.05611847869316074
Cilp2	0.06308272343022192
Ckm	0.026464919742901258
Clcf1	0.049112719758165564
Clec12a	0.6855408988846159
Clec2i	1.0088619402985073
Clec4a1	0.8144177096726793
Clec4d	0.4325702313200701
Clec4e	0.4288766787599199
Clec4n	0.3033447683034851
Clec5a	0.4077884973029896
Cln3	0.1290357155997019
Cln8	0.10661632611215678
Cmklr1	0.06950495287495143
Cmtm6	0.19005754809746708
Cmtm7	0.15642681252180066
Cndp2	0.048567475012823
Cnpy3	0.0779350663958721
Col15a1	0.2293548781097421
Col27a1	0.27030065780884616
Col6a3	0.12786887808035835
Comp	0.04257472907714845
Comt	0.12697612552800822
Comtd1	0.08716684602266063
Coro1a	0.052260299791097115
Coro2a	0.12656029558032972
Cotl1	0.02221846347659421
Cox6a2	0.12267077012858482
Cpn1	0.12749926542563714
Creg1	0.27614460848080463
Cryba4	0.05383699145807179
Crybb1	0.08004069231487622
Cryl1	0.11456679588273196
Csf1	0.4983417673206538
Csf1r	0.20656039320756708
Csf2	0.5170844146243156
Csf2rb	0.5567282321899736
Csf3r	0.35777959619724964
Csk	0.012313014118677407
Cst3	0.230635526025776
Cst7	0.2648651565326096
Ctns	0.1837342448501231
Ctsa	0.1027778424656766
Ctsb	0.1686149745257867
Ctsc	0.230591582118288
Ctse	0.176298363198925
Ctsf	0.2054642711119837
Ctss	0.2438724858796785
Ctsz	0.09827236260927942
Cx3cr1	0.08328585455140018
Cxcl10	0.3004728913524116
Cxcl16	0.6760425701635212
Cxcl2	0.4511121706774531
Cxcl3	0.5066063654867397
Cxcr3	0.12424814461824565
Cxcr5	0.07103653905381031
Cyba	0.0670213517459341
Cybb	0.09847329423084623
Cyp4f18	0.15511280309964012
Cyp4v3	0.1580681319976635
Cysltr1	0.16540772858711508
Cyth4	0.03661597100323045
Cytip	0.2194200082603575
Daglb	0.13004300073798436
Dapp1	0.07848440159940369
Dcxr	0.11045434611005614
Ddn	0.316615928993405
Dennd1c	0.2185192191886474
Dennd4b	0.08365391962779753
Depdc7	0.1301118684022024
Dgkd	0.06505578279505317
Dhrs3	0.03530424964078405
Dhx58	0.14876138046297016
Dnajb13	0.08454254138050117
Dnase1l3	0.2112672154941279
Dnase2a	0.2603574382868533
Dock2	0.05597107030103006
Dock8	0.07369251873957659
Dok1	0.1627317454444263
Dok2	0.20395123888408326
Dok3	0.16077247961490315
Dtnbp1	0.2013122043183257
Dtx4	0.053926177892041995
Duoxa1	0.17018761133525692
Dupd1	0.0984935751722346
Dusp13	0.22903755534242426
Dusp2	0.07922738943449109
Dusp27	0.11631916219058368
Dusp5	0.10738970516083277
Dyrk4	0.2936954717218575
E2f2	0.14520415606177592
Ear6	1.3462434183880114
Ebi3	0.16270928850565572
Edem1	0.06837503763325985
Edem2	0.07108362360177653
Eef2k	0.07465462229118884
Efhd2	0.02046033138899788
Egr2	0.11510572870971385
Egr3	0.02086783262945436
Ehbp1l1	0.32414934943733903
Ehd1	0.008186186589870977
Ehd4	0.022701545976313933
Eid3	0.22680394618419214
Eif4ebp1	0.11671631188755754
Elf4	0.2612957177685271
Emilin2	0.1599752380310476
Emp3	0.05906264527507715
Engase	0.13177851361287118
Eno3	0.016240493615357416
Enpp1	0.1945236085216971
Entpd1	0.3049724571924257
Epn1	0.07312088537571655
Epsti1	0.3723815925559643
Ermap	0.27151622253708163
Erp29	0.09611656256614567
Etv3	0.15225141906390408
Evi2a	0.4029480366222137
F11r	0.28814056755532896
F13a1	0.10050971208684556
F9	0.18021873072409308
Fam110a	0.11429038360396432
Fam167b	0.0766135484262779
Fam3a	0.09621046779624846
Fam78a	0.018726121485795125
Fam83g	0.1635353705685441
Fblim1	0.14263444480778295
Fbxw4	0.10991609525963048
Fcer1g	0.3171777344106929
Fcgr1	0.4218185220193884
Fcgr2b	0.5172520928594597
Fcgr4	0.4415913305989944
Fcna	0.3199829805405666
Fcrl1	0.514819660330412
Fcrls	0.3487708295970245
Fermt3	0.03616728779933552
Fes	0.06654725134559655
Fez2	0.07090170034241139
Fgd2	0.1065979917934372
Fgd3	0.185866432362478
Fgr	0.10002965474681527
Fhl3	0.02500415119947268
Fhod1	0.12148380296833755
Fkbp5	0.11760013430129553
Flcn	0.04442014056587158
Fmnl1	0.08961920046140258
Fmnl3	0.03823093686848068
Fndc7	0.15401775325375405
Folr2	0.158357332865086
Fpr1	0.21524879479574505
Fpr2	0.2383325593095708
Frrs1	0.2445057055553286
Fscn1	0.03850908299662358
Furin	0.05779661401982416
Fyb	0.19568701138688172
Fzd7	0.01674702314078233
Gabrd	0.03918423531763315
Gadd45b	0.0193318548313094
Gal3st4	0.24299088208136801
Galm	0.1428210175322212
Galns	0.124680262751762
Galnt12	0.1265691370991164
Gas6	0.09347079352356252
Gbgt1	0.19944944127907327
Gcnt1	0.14933415562378605
Gdf15	0.1280052511847955
Ggt5	0.18004115216172398
Gimap3	0.5075797218780469
Glipr1	0.3512006688248965
Glrp1	1.0627901958111854
Glul	0.06565160248409957
Gm128	0.3887041247868956
Gm13889	0.030488581604242025
Gm4788	0.6625
Gm5431	0.5195822454308094
Gm5475	0.7641785731561527
Gm572	0.4285086892455666
Gm6377	0.3497432867737719
Gm6583	0.6700811449057699
Gm7694	0.2399734439381017
Gmfg	0.06090603301644421
Gmip	0.1547186923467895
Gna15	0.054612382666746055
Gngt2	0.1553466652275922
Gnpda1	0.03803999651387471
Gns	0.06236623025282865
Golm1	0.2647522244087655
Gp9	0.16791411620041188
Gpat2	0.1514956140960639
Gpatch3	0.13798519003028342
Gpnmb	0.2886667958392352
Gpr132	0.1613178482992498
Gpr137b	0.08388865601108693
Gpr157	0.11012822442571328
Gpr165	0.16026782811863832
Gpr18	0.09125018100957616
Gpr183	0.07747120659522043
Gpr34	0.11183123429574122
Gpr35	0.14150217589222128
Gpr65	0.13892729418801006
Gpr84	0.14181549346160344
Gpsm3	0.20234535216864796
Gpx1	0.1124159446667267
Gramd1a	0.05508240920043609
Grn	0.2260650081255842
Gsdmd	0.37230381193866996
Gsg1	0.32617252462884705
Guca1a	0.02987363822108201
Gusb	0.1445342732617364
H2-Aa	0.44864368548573336
H2-Ab1	0.2548742912676476
H2-DMb1	0.7017114914425429
H2-DMb2	0.5198309119264549
H2-Eb1	0.3730937904821605
H2-Oa	0.2152069986374588
H2-Ob	0.27628437356018465
H2-Q1	0.3043753963221306
H2-Q2	0.467251461988304
H2-T23	0.4887232359503091
H2-T24	0.3042940046624167
H60b	1.7784256559766765
H6pd	0.10141628744202104
Haao	0.12552676586891365
Havcr2	0.4801212986733301
Hck	0.0841851375305363
Hcls1	0.18600054539259026
Hcst	0.389876643614726
Hdc	0.13357118473187873
Hebp1	0.0950962780440988
Herpud1	0.12893278479813694
Hexa	0.1846526059601261
Hexb	0.2971604676918778
Hfe	0.22207904267477707
Hivep3	0.19034814836579173
Hk2	0.035209707752524404
Hk3	0.14476024650841166
Hlx	0.09544173373194184
Hmga2	0.2611097152482503
Hmox1	0.1215392691776226
Hp	0.15969808157199256
Hpgd	0.11122776446890813
Hpgds	0.17356403130759826
Hpn	0.1107324119417102
Hps4	0.3158139104861868
Hpse	0.20798748034699174
Hrc	0.3369382332145505
Hrh2	0.1361173262858321
Hs1bp3	0.2373897282247487
Hs6st1	0.015977407077402916
Hsd17b1	0.15470983763244406
Hsf2bp	0.14104801396812452
Hspb3	0.11291994104799945
Hvcn1	0.10758526631853137
I830077J02Rik	0.6629008415660341
Icam1	0.26605274182447264
Icos	0.3774324035704256
Icosl	0.3927462576902143
Id2	0.03306282525758577
Ier3	0.184746301451518
Ier5	0.18567522556229954
Ifi203	0.964179104477612
Ifi27l2a	1.0790917881676272
Ifitm6	0.6039871024951917
Ifnb1	0.5468818754144208
Ifngr1	0.4946225019407433
Ifngr2	0.43626002816986265
Igsf6	0.564392771289493
Ikzf1	0.06930789088737263
Il10	0.25038774026257604
Il10ra	0.4666587959161196
Il10rb	0.9372222222222222
Il12b	0.2666290962928489
Il16	0.2132736153888249
Il17ra	0.22075099589570105
Il1a	0.4777397140653596
Il1b	0.3377748848099613
Il1r2	0.3672778671749613
Il1rl1	0.3226801138539827
Il1rl2	0.2956292834616067
Il1rn	0.19860994058960227
Il21r	0.2796965320067997
Il27	0.3440758071788653
Il2rb	0.33415283496329545
Il4i1	0.1398104799824357
Il4ra	0.3598425443181656
Il6ra	0.3894362091332795
Il7r	0.41290719621511895
Ildr1	0.17642740734513884
Inpp5d	0.08763199304719291
Ip6k3	0.15959248264065085
Irak2	0.23120062322934715
Irf1	0.12527931861607874
Irf4	0.06727311524342716
Irf5	0.12919624048262368
Irf8	0.07118107972516395
Isg15	0.1827176925856305
Itga9	0.10271654148544716
Itgae	0.35039268574775684
Itgal	0.26178633360099274
Itgax	0.3108960797077479
Itgb2	0.1718416202080348
Itgb3	0.07343215210771249
Itgb5	0.10191091619106007
Itpka	0.05462830199023413
Itpripl1	0.14201091685386294
Jak3	0.07235204159648892
Jdp2	0.02734475945779453
Junb	0.04927825635919929
Jup	0.012641640685287128
Kcna7	0.04464856996164298
Kcnd1	0.04951190027296214
Kcnh3	0.05261967903130561
Kcnk12	0.016216312769214834
Kcnk13	0.07664886879587439
Kcnk6	0.12068152277542933
Kcnn4	0.08703751147167653
Kctd12	0.02246706827758775
Khk	0.14015450167142499
Klhdc8b	0.04876758979860834
Klhl38	0.10809120370397557
Klhl6	0.050241132546279585
Klk8	0.19002423259319087
Klrd1	0.5619293890072784
Lag3	0.4511636089182249
Lair1	0.734773199269375
Laptm5	0.1145487964931628
Lasp1	0.037036785457380025
Lat2	0.3273871469922263
Lbx1	0.022455733421588683
Lbx2	0.17581541422070626
Lcn2	0.3604716986828708
Lcp1	0.030222699701213045
Lcp2	0.18667993084443268
Ldhb	0.019272275662396168
Lefty1	0.10061714535062488
Lfng	0.061456327262748016
Lgals1	0.09742484168766853
Lgals3	0.18687578274713146
Lgals9	0.3405225761788032
Lgmn	0.1048918743586994
Lif	0.16647582014003046
Lilra5	0.4152808167819521
Limd2	0.036495031930154284
Liph	0.20769133459698785
Litaf	0.10132584483112174
Lpar5	0.15557065621095306
Lpcat2	0.11476956665937214
Lpxn	0.20195437907300468
Lrmp	0.217355862901308
Lrp5	0.030048400372661318
Lrrc25	0.23936025274225955
Lrrc3	0.07406037180800304
Lrrk1	0.0723374345923351
Lsp1	0.2116395287624935
Lst1	0.3831995083743879
Ltb	0.2402092392044304
Ltb4r1	0.20989308345878915
Ltc4s	0.0932808965851652
Ltf	0.2801614723312408
Ly6d	0.4609247308530996
Ly6e	0.2795028977493613
Ly6g6e	0.22207941756409688
Ly86	0.2918607140088074
Ly9	0.6511084235208648
Lyl1	0.21957728299574653
Lyn	0.03411734281077075
Lyve1	0.4063233207344908
Lyz1	0.6922014707522354
Lyz2	0.4109141791044776
Maf	0.060292699465383674
Mafb	0.03071367104808159
Man1c1	0.07644981756538143
Man2b1	0.17530034987368395
Man2b2	0.1639298421676967
Map2k3	0.04588107394766843
Map3k14	0.1386174284063581
Map3k8	0.05985109393325967
Mapkapk2	0.058421938015593276
Mapkapk3	0.06260189148484266
Matk	0.05409073989674748
Mdfi	0.15295276571493865
Med11	0.028771882835138686
Metrnl	0.11655085053838493
Mgat1	0.07736596502171934
Mknk1	0.07816200033247353
Mknk2	0.041309545686816565
Mlph	0.2653654635239286
Mlxipl	0.1618168915567271
Mmp12	0.4503721414977435
Mmp19	0.2674726879447704
Mmp2	0.03968187243163891
Mmp9	0.16399003976931734
Mpeg1	0.22494982038670647
Mpi	0.21123132223217128
Mrc1	0.13975660868728645
Mrgpra4	1.3876651982378854
Ms4a6b	1.0696921289573047
Ms4a6c	1.8213500466512516
Ms4a6d	0.9571721147939942
Ms4a7	0.6649868715839462
Msh5	0.1353931663704438
Msr1	0.35000626042763183
Mtr	0.09411309418589536
Mvp	0.06954306310085605
Mxra8	0.1046805509483416
Mybpc3	0.0723727485913024
Mybph	0.16340449604569707
Myc	0.062368388803064334
Myd88	0.12843643376617933
Myl2	0.048166206177831364
Mylip	0.029861157924287732
Myo18b	0.16683606172735416
Myo1f	0.04437949293573521
Myo1g	0.06718379658963622
Myo7a	0.021949696692643617
Myom1	0.11378384671471413
N4bp2l1	0.19395249465982697
Nab2	0.061286142989193625
Naglu	0.14449866769068132
Nagpa	0.14069209783784978
Naip2	0.4695136871081205
Napsa	0.2631102676377749
Nbeal2	0.1014069505639698
Ncf1	0.06374117452100128
Ncf2	0.12804217622862546
Ncf4	0.08955602818490825
Nckap1l	0.06906471846409826
Ncoa3	0.12368331300075501
Nek6	0.03164986689757493
Neu1	0.12311621071420754
Neurl1a	0.0514573102726568
Neurl3	0.14786552038903628
Nfam1	0.3892124751112837
Nfatc1	0.08826743501610593
Nfe2	0.11428264251063976
Nfkb1	0.13454709632644238
Nfkb2	0.08255549589765218
Nfkbia	0.0860608835762473
Nfkbib	0.14130798365595992
Nfkbid	0.1214809900583614
Nfkbie	0.14645355928940648
Nfkbiz	0.15484216253410693
Ngp	0.36527461699804975
Nhlrc3	0.19724927576274734
Nhp2	0.08029659508402423
Ninj1	0.044059834691962674
Nkg7	0.3507612957000478
Nlrp1a	0.6278873350094281
Nlrp1b	0.8195499707773232
Nlrp3	0.12230678165535733
Nmnat3	0.1447186551511005
Nmt1	0.03476552209926523
Nod2	0.16197313553690484
Npc2	0.23006348368393406
Npl	0.1735851710063831
Nrap	0.1157227486548971
Nrm	0.06389585328012926
Ntpcr	0.18305028091713996
Nuak1	0.07253705238176837
Nuak2	0.09030736545127394
Nup62	0.14385935824999385
Nupr1	0.22727550091676696
Oaf	0.08283500302113364
Oas2	0.3585034505770158
Oasl1	0.2081707509382652
Olfm4	0.3001281598929501
Olfml3	0.0655082464799157
Olfr110	0.08953609319742042
Olfr111	0.0929980038718867
Orai1	0.05519662149529237
Orai2	0.01782073768996414
Orai3	0.11699779781681754
Osgin1	0.09237149406096393
Osm	0.3597166423509567
Otud1	0.13792599952869133
P2rx1	0.07822854352951146
P2rx4	0.10460784083834618
P2rx7	0.16752100357598926
P2ry12	0.09296599017976152
P2ry13	0.17012089104278116
P2ry2	0.060610856663553876
P2ry6	0.08146341744830501
Paox	0.1600582880102734
Parp10	0.3066626757693631
Parvg	0.1957962759954381
Pctp	0.1600980505321314
Pdcd1	0.3239723442237447
Pde3b	0.2791182391452379
Pdgfb	0.08791657341928287
Pdlim4	0.07659314790510315
Pdxk	0.06387931225044624
Pdzk1ip1	0.16964728247418648
Pecr	0.3129776773881449
Pf4	0.3532658509266841
Pgpep1	0.02046728108995501
Phldb3	0.1503472654967983
Phyhd1	0.1832413638622362
Pik3ap1	0.12043833499646152
Pik3cd	0.030718375975420525
Pik3cg	0.045241670061940284
Pik3r5	0.10579485120293657
Pilra	1.4817047531964382
Pim1	0.06302050503719811
Pkdcc	0.08573945165939602
Pkn1	0.06013128792296898
Pla2g15	0.11056708068426743
Pla2g2d	0.2456773597935035
Pla2g4d	0.2742210925765065
Plac8	0.11628438539667485
Plagl2	0.030767470556413618
Plau	0.34574741220818905
Plaur	0.2307740718725761
Plbd1	0.182862372821578
Plcb2	0.11560088052634696
Plcg2	0.034500215092136785
Plcl2	0.03645981274413492
Pld4	0.2001500718746143
Plek	0.08053392317187417
Plekho1	0.09604627551243487
Plekho2	0.2495979847471417
Plod1	0.05222699662295393
Plod3	0.06204725332890027
Plxdc1	0.13059052926339926
Plxdc2	0.101696633439709
Plxnb2	0.06210281642573756
Pmp22	0.11861999495350478
Pnpla2	0.06717363099186724
Pnpla7	0.11583063084575505
Pnpo	0.11247926011766728
Pon3	0.24250466063363346
Pou2f2	0.12183637910798517
Ppcdc	0.1321100119042887
Ppp1r3b	0.0716427256652159
Prg2	0.4882996534515721
Prkcd	0.07488452459669913
Psd4	0.2831571831162557
Psmb10	0.12442597924579166
Psmb8	0.12245090689782198
Psmb9	0.12578832056190994
Ptafr	0.1245985984120613
Ptger4	0.07612890456222951
Ptgr1	0.2297423253447595
Ptgs1	0.09820232189747184
Ptk2b	0.043361431044292055
Ptpn1	0.1050929528644767
Ptpn18	0.21913466344916002
Ptpn6	0.048027611581827535
Ptpn7	0.09058509293211747
Ptprc	0.3218537262943842
Ptprcap	0.3342739122724201
Pwwp2b	0.15058781180307795
Pxn	0.039995689922736506
Pycard	0.2787895292544353
Pyroxd2	0.16837907530160556
Qprt	0.11902833405031503
Qsox1	0.2899796759896869
Rab17	0.1574503258261521
Rab20	0.11739984721836158
Rab27a	0.0396081064472348
Rab32	0.13791299357105716
Rab39	0.04531018708084488
Rab3il1	0.11198534890436188
Rab43	0.04793608974846954
Rac2	0.010488142631649084
Rapsn	0.025192592043698836
Rasa4	0.0956364751619682
Rasal3	0.17739352335569972
Rasd2	0.013643368808164878
Rasgef1b	0.023259332939315244
Rassf4	0.1234455936615545
Rassf5	0.13496144236891913
Rbm38	0.06349328206165854
Rbm47	0.029976716622602886
Rcan1	0.09718750754978994
Rcsd1	0.3040875898644991
Rel	0.2386578062952951
Rela	0.1090532934775194
Relb	0.0732703316293046
Renbp	0.18464717325614666
Retnla	0.7602314848607306
Retnlg	0.4351722447091604
Rffl	0.19118722383363226
Rgs1	0.19201301145636385
Rgs10	0.07134675439888111
Rgs14	0.11806422906963596
Rgs19	0.07555921148362611
Rgs2	0.05602377034046603
Rhbdf2	0.0497080538614434
Rhob	0.05105190360915393
Rhog	0.0076825942044113395
Rhoh	0.02368579225495188
Rilpl1	0.04237792948054368
Rilpl2	0.11541517555318626
Rin2	0.0966344916483726
Rin3	0.16549549658154136
Rinl	0.28170814497732416
Ripk3	0.4622743568023606
Rnase10	0.3493652427651386
Rnase12	0.3230011984899027
Rnase4	0.1601391946516209
Rnase6	0.4486032202991345
Rnf135	0.4561855629861371
Rnf166	0.043646513612687336
Rnf19b	0.0923299714757686
Rogdi	0.04557562357231382
Rpl10	0.04792249771863984
Rpl3	0.01409303039644291
Rpl30	0.11982151160118786
Rps6ka1	0.05250212144921138
Rps6ka4	0.02965379679722409
Rptor	0.02170129031305933
Rrad	0.0517193178620135
Rtn4rl1	0.05999142545447055
Runx1	0.05285551729997919
Runx3	0.04974775453879994
Rxra	0.02318072940819874
S100a8	0.4905234190187234
S100a9	0.4148886510066073
S1pr2	0.055149788997135435
S1pr4	0.031438253120710656
Sag	0.13488275873826774
Sall1	0.11432906042650565
Sap30	0.05609170003139802
Sash3	0.07179054722540895
Sat1	0.060089696965499186
Sbno2	0.0697086030039999
Scamp2	0.1429150654917171
Scpep1	0.17600293318608784
Sdc4	0.15551810391039747
Sdf2l1	0.07160737182004473
Selplg	0.5524446042206209
Serinc3	0.2321283814198111
Serpinb8	0.1893863253226814
Serpine1	0.13976944890877382
Serpinf1	0.09979565285953522
Serpinf2	0.2799407764118108
Sft2d2	0.10641678475044317
Sgk1	0.05210583423563003
Sgpl1	0.16623254413921326
Sh2b2	0.0724562180013635
Sh2b3	0.13450309869866098
Sh3bp1	0.1430676789447025
Sh3bp2	0.13152643781725654
Sh3pxd2a	0.06374991539071939
Sh3tc1	0.15842832818043065
Shb	0.039610353515432725
Shmt1	0.08678368732313801
Siglec1	0.24484257597648726
Siglece	0.5720954729429849
Siglecg	0.4010038556596271
Siglech	0.829468279866146
Sipa1	0.08517311556470468
Sirpa	0.8256715762321232
Skap2	0.1234854236798002
Sla	0.11378321975494644
Slamf1	0.485560724399059
Slamf6	0.707301278200741
Slamf8	0.2789458941328927
Slamf9	0.4337641057129625
Slc10a3	0.15855812575691078
Slc10a6	0.2874591024318142
Slc11a1	0.08189090898345434
Slc11a2	0.10963544400916918
Slc15a3	0.13647063300002005
Slc15a4	0.10312910212632154
Slc16a10	0.18469625199962755
Slc16a3	0.05294010556729967
Slc16a6	0.13610981505802608
Slc17a9	0.13013271962809392
Slc25a10	0.11256815323595586
Slc25a45	0.1470486749192871
Slc29a1	0.1891335786843503
Slc29a3	0.1546350306267208
Slc2a5	0.1026791138471002
Slc2a9	0.1523571720119242
Slc30a3	0.12795864325692966
Slc35c2	0.042200360485457965
Slc36a2	0.16871537657945362
Slc37a2	0.10404728770359373
Slc38a7	0.05470931228960005
Slc39a4	0.22445377536677724
Slc43a1	0.13559486497822565
Slc44a2	0.0743324663220199
Slc46a1	0.12614749807110248
Slc5a10	0.08409124190476051
Slc7a7	0.11820250811850926
Slc7a8	0.12473516191067577
Slc9a9	0.08376045197103785
Slco2b1	0.18457099940916394
Slco4a1	0.13931539403486487
Slfn2	0.3824044843225201
Smad3	0.012858808116550694
Smap2	0.08391920337098473
Smpdl3b	0.19715810705749795
Snta1	0.08770933633826619
Snx17	0.02959077518005448
Snx20	0.1050675181842192
Snx29	0.11039124945846193
Snx8	0.05136649797349627
Socs3	0.02229927358994916
Sord	0.14513002696486935
Sox15	0.21601252840560745
Spata13	0.11550063626282712
Sphk1	0.15452371292578845
Sphk2	0.14274850728422442
Spib	0.1084970448495504
Spic	0.3151953698955777
Spn	0.5833878360408695
Spns3	0.20497403109744308
Spp1	0.3246769646450229
Srrd	0.2442432358250041
Srxn1	0.0926533823995114
St14	0.11127279899347334
St6galnac4	0.06131195967088776
Stab1	0.1593059585512523
Stambpl1	0.09089068275948388
Stard3	0.07765899307716093
Stat6	0.12785849989406506
Stfa3	0.9999862295346942
Stk10	0.0752312068400982
Stx11	0.03424823648871265
Stxbp2	0.04383736504491745
Sult1a1	0.24657384463976575
Sun2	0.11448040649584115
Susd1	0.31795197650853724
Susd3	0.2184253548537858
Syngr1	0.040784396245945466
Syngr2	0.10800384581638976
Tagap	0.6370370370370371
Tapbp	0.2583196213258773
Tatdn2	0.24411924538875535
Tbc1d10a	0.07956313183434104
Tbc1d16	0.05511730693331197
Tbc1d22a	0.10862187594467973
Tbc1d2b	0.1099513164162595
Tbxas1	0.2535205043174287
Tcap	0.05783314889725854
Tcirg1	0.08060130913234781
Tcn2	0.2775698283970373
Tec	0.042258347401091335
Tep1	0.3065183421160553
Tgfb1	0.06363051751376582
Tgfbi	0.0801061632032461
Tgfbr1	0.045516639771550495
Tgif1	0.20896745155897875
Tgif2	0.06622699714760251
Tgm1	0.08051042388755246
Tgm2	0.07858233867496131
Ticam1	0.21747794512068885
Ticam2	0.3379456624972286
Tifab	0.1811484108852888
Timd4	0.5507844921509671
Tln1	0.018555058318421053
Tlr1	0.2995713139418765
Tlr12	0.4744163856613523
Tlr13	0.3850417145111283
Tlr2	0.2583860101687043
Tlr4	0.4033720687278341
Tlr5	0.2410725174608997
Tlr6	0.2944680065487223
Tlr7	0.2410116479634069
Tlr8	0.29381778932008057
Tlr9	0.1396895989734976
Tm6sf1	0.08727831820635687
Tmc6	0.13170669849216932
Tmc8	0.11744671281405016
Tmem104	0.06556128796411446
Tmem106a	0.331230527119153
Tmem119	0.2475953739413908
Tmem120a	0.040324196393308094
Tmem140	0.3254613340278397
Tmem173	0.3352509377153303
Tmem176a	0.5089301945548634
Tmem185b	0.039800626891443085
Tmem202	0.6725444577407194
Tmem221	0.23612085635255906
Tmem37	0.14764941261503758
Tmem52	0.25677075818316064
Tmem63a	0.08860938879730954
Tmem86a	0.1052242136173258
Tnf	0.15392459414374882
Tnfaip2	0.15145386319838464
Tnfaip3	0.08677504516410699
Tnfaip8l2	0.038868832916800114
Tnfrsf11a	0.3112332265373564
Tnfrsf12a	0.1928843510516676
Tnfrsf13b	0.25058753218956675
Tnfrsf14	0.40736842416891983
Tnfrsf17	0.3682139992628373
Tnfrsf1a	0.3061612149239975
Tnfrsf1b	0.322703427222953
Tnfsf14	0.12256344888621358
Tnfsf18	0.6023330287336264
Tnfsf9	0.4604839710542185
Tnni2	0.016641542603585517
Tor3a	0.24402060768794176
Tpm3	0.01157048883239786
Tpst2	0.03653578635394343
Traf3ip3	0.32862080268795474
Traf5	0.1679484203708996
Trem1	0.6645900922989818
Trem2	0.2509097549058637
Treml2	0.4671074657353072
Treml4	0.5624601397366549
Trex1	0.35639862045488313
Trib1	0.05222478332072096
Trim14	0.15564577958703416
Trim30d	0.5818181818181819
Trim47	0.06435693537005338
Trpm2	0.07382364859754292
Trpm4	0.1065653135425884
Trpv2	0.13568469759237425
Trpv4	0.029076491900638112
Tslp	2.7182011667328174
Tspan14	0.021190595821471116
Tspan32	0.323783289789499
Tspan33	0.045928565952970034
Tspan8	0.2578485629430418
Ttc7	0.09279118911938708
Tuba4a	0.02142818566684869
Tubb1	0.04075531960340775
Tubb6	0.013113154588737859
Twf2	0.03614499038023308
Txnip	0.045635532556002896
Txnrd1	0.06841796962132984
Tyrobp	0.17075966062653553
Uap1l1	0.12059694504211615
Uba7	0.33243935005753605
Ubash3b	0.034527690533548386
Ubc	0.02680622791033547
Ube2g2	0.04231236212599828
Ucp2	0.05185450629702231
Ugt1a9	1.311111111111111
Unc13d	0.08339365887288125
Unc93b1	0.0736976981595643
Usp35	0.07586306044285676
Vamp8	0.08954200493437002
Vasp	0.16032201205201527
Vav1	0.04035459244146515
Vav2	0.02909924559862266
Vipr1	0.115175902536244
Vpreb3	0.19128240915792688
Vps18	0.02807954545012689
Vps37b	0.15455295544126274
Vrk2	0.34655714191563824
Was	0.1521441083697786
Wasf2	0.13062216873310534
Wdfy4	0.15643689224702412
Wdr81	0.09678502694949116
Xcr1	0.17957560437925305
Zbtb32	0.3773061140719817
Zbtb7b	0.07657938117381996
Zc3h12a	0.12416442096094332
Zfhx3	0.05372494015612834
Zfp296	0.2311906189564889
Zfp36	0.11804160563008055
Zfp385a	0.10188155491255586
Zfp691	0.13371906106293713
Zfp710	0.09212271113590717
Zfpm1	0.12487371266600447
Zswim4	0.04478708494746035
